{
  "metrics": {
    "D+1": {
      "by_horizon": {
        "1": {
          "bias_gwh": -93.79299277013692,
          "count": 5,
          "interval_coverage": 1.0,
          "mae_gwh": 98.38229477663413,
          "persistence_mae_gwh": 115.38401680000001,
          "rmse_gwh": 129.96774101965642,
          "skill_vs_persistence": 0.1473490219432705,
          "skill_vs_weekly_naive": -0.09917217771271725,
          "wape_percent": 5.72252075953059,
          "weekly_naive_mae_gwh": 89.50580880000003
        },
        "2": {
          "bias_gwh": -127.90479011731037,
          "count": 4,
          "interval_coverage": 1.0,
          "mae_gwh": 127.90479011731037,
          "persistence_mae_gwh": 141.50206349999996,
          "rmse_gwh": 150.31540235186569,
          "skill_vs_persistence": 0.09609240350540615,
          "skill_vs_weekly_naive": -0.2879151908223401,
          "wape_percent": 7.450057077637299,
          "weekly_naive_mae_gwh": 99.31150049999997
        },
        "3": {
          "bias_gwh": -168.40468610902835,
          "count": 3,
          "interval_coverage": 1.0,
          "mae_gwh": 168.40468610902835,
          "persistence_mae_gwh": 79.0267593333333,
          "rmse_gwh": 175.99407388163763,
          "skill_vs_persistence": -1.1309830686426192,
          "skill_vs_weekly_naive": -0.2628812763630013,
          "wape_percent": 9.961027235084325,
          "weekly_naive_mae_gwh": 133.3495786666666
        },
        "4": {
          "bias_gwh": -234.57683766248203,
          "count": 2,
          "interval_coverage": 1.0,
          "mae_gwh": 234.57683766248203,
          "persistence_mae_gwh": 85.64401799999985,
          "rmse_gwh": 248.01997061269995,
          "skill_vs_persistence": -1.7389751571730607,
          "skill_vs_weekly_naive": -0.31767373616085215,
          "wape_percent": 14.079180409579086,
          "weekly_naive_mae_gwh": 178.02346
        },
        "5": {
          "bias_gwh": -230.10693654908118,
          "count": 1,
          "interval_coverage": 1.0,
          "mae_gwh": 230.10693654908118,
          "persistence_mae_gwh": 88.45782999999983,
          "rmse_gwh": 230.10693654908118,
          "skill_vs_persistence": -1.6013178997165274,
          "skill_vs_weekly_naive": 0.09127992697364373,
          "wape_percent": 13.52532862069766,
          "weekly_naive_mae_gwh": 253.22092399999974
        }
      },
      "overall": {
        "bias_gwh": -145.67058630140374,
        "count": 15,
        "interval_coverage": 1.0,
        "mae_gwh": 147.20035363690283,
        "persistence_mae_gwh": 109.31696546666663,
        "rmse_gwh": 171.99529165714458,
        "skill_vs_persistence": -0.3465462840878779,
        "skill_vs_weekly_naive": -0.19088251820492452,
        "wape_percent": 8.635530508311414,
        "weekly_naive_mae_gwh": 123.60610839999997
      }
    },
    "D+6": {
      "by_horizon": {},
      "overall": {
        "count": 0
      }
    }
  },
  "schema_version": 1,
  "score_count": 15,
  "scores": [
    {
      "absolute_error_gwh": 105.4069712511423,
      "absolute_percentage_error": 6.097315035461924,
      "actual_gwh": 1728.7440559999998,
      "actual_published_at": "2026-07-16T11:20:01+00:00",
      "actual_vintage": "D+1",
      "error_gwh": -105.4069712511423,
      "horizon": 1,
      "interval_hit": true,
      "interval_width_gwh": 1018.6635045629241,
      "issued_at": "2026-07-14T18:55:59.270189+00:00",
      "model_name": "sarima",
      "model_version": "2a81994329a9985e0b9b8b1aa08cae27118e5ebf",
      "persistence_absolute_error_gwh": 115.89803599999982,
      "prediction_gwh": 1623.3370847488575,
      "run_id": "20260714T185559Z_sarima_2a819943",
      "squared_error_gwh": 11110.629588339138,
      "target_date": "2026-07-15",
      "weekly_naive_absolute_error_gwh": 50.28304200000025
    },
    {
      "absolute_error_gwh": 172.12552707724967,
      "absolute_percentage_error": 9.586968275074376,
      "actual_gwh": 1795.4114599999998,
      "actual_published_at": "2026-07-17T11:20:01+00:00",
      "actual_vintage": "D+1",
      "error_gwh": -172.12552707724967,
      "horizon": 2,
      "interval_hit": true,
      "interval_width_gwh": 1245.0467019992561,
      "issued_at": "2026-07-14T18:55:59.270189+00:00",
      "model_name": "sarima",
      "model_version": "2a81994329a9985e0b9b8b1aa08cae27118e5ebf",
      "persistence_absolute_error_gwh": 182.56543999999985,
      "prediction_gwh": 1623.2859329227501,
      "run_id": "20260714T185559Z_sarima_2a819943",
      "squared_error_gwh": 29627.19707162101,
      "target_date": "2026-07-16",
      "weekly_naive_absolute_error_gwh": 6.602487999999994
    },
    {
      "absolute_error_gwh": 255.85458556328376,
      "absolute_percentage_error": 14.250470784189146,
      "actual_gwh": 1795.4114599999998,
      "actual_published_at": "2026-07-17T11:20:01+00:00",
      "actual_vintage": "D+1",
      "error_gwh": -255.85458556328376,
      "horizon": 1,
      "interval_hit": true,
      "interval_width_gwh": 1018.4643392613041,
      "issued_at": "2026-07-15T16:02:56.743442+00:00",
      "model_name": "sarima",
      "model_version": "4ec29c3e12d9fcf3b34217798c565b0fed75d0fc",
      "persistence_absolute_error_gwh": 247.29419399999983,
      "prediction_gwh": 1539.556874436716,
      "run_id": "20260715T160256Z_sarima_4ec29c3e",
      "squared_error_gwh": 65461.56895375969,
      "target_date": "2026-07-16",
      "weekly_naive_absolute_error_gwh": 6.602487999999994
    },
    {
      "absolute_error_gwh": 148.82547629359829,
      "absolute_percentage_error": 8.554880162869077,
      "actual_gwh": 1739.655886,
      "actual_published_at": "2026-07-18T13:20:01+00:00",
      "actual_vintage": "D+1",
      "error_gwh": -148.82547629359829,
      "horizon": 3,
      "interval_hit": true,
      "interval_width_gwh": 1445.0411706466707,
      "issued_at": "2026-07-14T18:55:59.270189+00:00",
      "model_name": "sarima",
      "model_version": "2a81994329a9985e0b9b8b1aa08cae27118e5ebf",
      "persistence_absolute_error_gwh": 126.80986600000006,
      "prediction_gwh": 1590.8304097064017,
      "run_id": "20260714T185559Z_sarima_2a819943",
      "squared_error_gwh": 22149.022394016385,
      "target_date": "2026-07-17",
      "weekly_naive_absolute_error_gwh": 44.068284000000176
    },
    {
      "absolute_error_gwh": 234.2639465057241,
      "absolute_percentage_error": 13.46610834883952,
      "actual_gwh": 1739.655886,
      "actual_published_at": "2026-07-18T13:20:01+00:00",
      "actual_vintage": "D+1",
      "error_gwh": -234.2639465057241,
      "horizon": 2,
      "interval_hit": true,
      "interval_width_gwh": 1244.7943498689947,
      "issued_at": "2026-07-15T16:02:56.743442+00:00",
      "model_name": "sarima",
      "model_version": "4ec29c3e12d9fcf3b34217798c565b0fed75d0fc",
      "persistence_absolute_error_gwh": 191.53862000000004,
      "prediction_gwh": 1505.391939494276,
      "run_id": "20260715T160256Z_sarima_4ec29c3e",
      "squared_error_gwh": 54879.59663243677,
      "target_date": "2026-07-17",
      "weekly_naive_absolute_error_gwh": 34.59659400000032
    },
    {
      "absolute_error_gwh": 41.52322630737717,
      "absolute_percentage_error": 2.38686435872394,
      "actual_gwh": 1739.655886,
      "actual_published_at": "2026-07-18T13:20:01+00:00",
      "actual_vintage": "D+1",
      "error_gwh": -41.52322630737717,
      "horizon": 1,
      "interval_hit": true,
      "interval_width_gwh": 1109.1904060168054,
      "issued_at": "2026-07-16T15:56:43.661936+00:00",
      "model_name": "sarima",
      "model_version": "6b280b2e97ae3e77f4f7107de7159505e2b3a955",
      "persistence_absolute_error_gwh": 10.911830000000236,
      "prediction_gwh": 1698.1326596926228,
      "run_id": "20260716T155643Z_sarima_6b280b2e",
      "squared_error_gwh": 1724.1783229736595,
      "target_date": "2026-07-17",