{
  "metrics": {
    "D+1": {
      "by_horizon": {
        "1": {
          "bias_gwh": -97.82788202639006,
          "count": 4,
          "interval_coverage": 1.0,
          "mae_gwh": 103.56450953451156,
          "persistence_mae_gwh": 134.64201199999997,
          "rmse_gwh": 140.02500887853947,
          "skill_vs_persistence": 0.2308157907317102,
          "skill_vs_weekly_naive": -1.1443121462117722,
          "wape_percent": 6.008303491224402,
          "weekly_naive_mae_gwh": 48.297310500000094
        },
        "2": {
          "bias_gwh": -148.68452439764891,
          "count": 3,
          "interval_coverage": 1.0,
          "mae_gwh": 148.68452439764891,
          "persistence_mae_gwh": 157.30021466666662,
          "rmse_gwh": 169.3911002206901,
          "skill_vs_persistence": 0.05477227279870611,
          "skill_vs_weekly_naive": -2.1213031568465635,
          "wape_percent": 8.634384315715812,
          "weekly_naive_mae_gwh": 47.63540000000004
        },
        "3": {
          "bias_gwh": -193.64771085876566,
          "count": 2,
          "interval_coverage": 1.0,
          "mae_gwh": 193.64771085876566,
          "persistence_mae_gwh": 104.82003599999996,
          "rmse_gwh": 198.76737315831036,
          "skill_vs_persistence": -0.847430302912372,
          "skill_vs_weekly_naive": -1.6569973439970904,
          "wape_percent": 11.490388532317226,
          "weekly_naive_mae_gwh": 72.882162
        },
        "4": {
          "bias_gwh": -154.03111738515076,
          "count": 1,
          "interval_coverage": 1.0,
          "mae_gwh": 154.03111738515076,
          "persistence_mae_gwh": 18.10145199999988,
          "rmse_gwh": 154.03111738515076,
          "skill_vs_persistence": -7.509323858945226,
          "skill_vs_weekly_naive": -0.5131390995229519,
          "wape_percent": 9.444272119706303,
          "weekly_naive_mae_gwh": 101.79574200000002
        }
      },
      "overall": {
        "bias_gwh": -137.8691640401189,
        "count": 10,
        "interval_coverage": 1.0,
        "mae_gwh": 140.1638150433675,
        "persistence_mae_gwh": 123.82102159999995,
        "rmse_gwh": 163.47800137483208,
        "skill_vs_persistence": -0.13198722827665277,
        "skill_vs_weekly_naive": -1.4014819207937186,
        "wape_percent": 8.21481357142408,
        "weekly_naive_mae_gwh": 58.36555080000005
      }
    },
    "D+6": {
      "by_horizon": {},
      "overall": {
        "count": 0
      }
    }
  },
  "schema_version": 1,
  "score_count": 10,
  "scores": [
    {
      "absolute_error_gwh": 105.4069712511423,
      "absolute_percentage_error": 6.097315035461924,
      "actual_gwh": 1728.7440559999998,
      "actual_published_at": "2026-07-16T11:20:01+00:00",
      "actual_vintage": "D+1",
      "error_gwh": -105.4069712511423,
      "horizon": 1,
      "interval_hit": true,
      "interval_width_gwh": 1018.6635045629241,
      "issued_at": "2026-07-14T18:55:59.270189+00:00",
      "model_name": "sarima",
      "model_version": "2a81994329a9985e0b9b8b1aa08cae27118e5ebf",
      "persistence_absolute_error_gwh": 115.89803599999982,
      "prediction_gwh": 1623.3370847488575,
      "run_id": "20260714T185559Z_sarima_2a819943",
      "squared_error_gwh": 11110.629588339138,
      "target_date": "2026-07-15",
      "weekly_naive_absolute_error_gwh": 50.28304200000025
    },
    {
      "absolute_error_gwh": 172.12552707724967,
      "absolute_percentage_error": 9.586968275074376,
      "actual_gwh": 1795.4114599999998,
      "actual_published_at": "2026-07-17T11:20:01+00:00",
      "actual_vintage": "D+1",
      "error_gwh": -172.12552707724967,
      "horizon": 2,
      "interval_hit": true,
      "interval_width_gwh": 1245.0467019992561,
      "issued_at": "2026-07-14T18:55:59.270189+00:00",
      "model_name": "sarima",
      "model_version": "2a81994329a9985e0b9b8b1aa08cae27118e5ebf",
      "persistence_absolute_error_gwh": 182.56543999999985,
      "prediction_gwh": 1623.2859329227501,
      "run_id": "20260714T185559Z_sarima_2a819943",
      "squared_error_gwh": 29627.19707162101,
      "target_date": "2026-07-16",
      "weekly_naive_absolute_error_gwh": 6.602487999999994
    },
    {
      "absolute_error_gwh": 255.85458556328376,
      "absolute_percentage_error": 14.250470784189146,
      "actual_gwh": 1795.4114599999998,
      "actual_published_at": "2026-07-17T11:20:01+00:00",
      "actual_vintage": "D+1",
      "error_gwh": -255.85458556328376,
      "horizon": 1,
      "interval_hit": true,
      "interval_width_gwh": 1018.4643392613041,
      "issued_at": "2026-07-15T16:02:56.743442+00:00",
      "model_name": "sarima",
      "model_version": "4ec29c3e12d9fcf3b34217798c565b0fed75d0fc",
      "persistence_absolute_error_gwh": 247.29419399999983,
      "prediction_gwh": 1539.556874436716,
      "run_id": "20260715T160256Z_sarima_4ec29c3e",
      "squared_error_gwh": 65461.56895375969,
      "target_date": "2026-07-16",
      "weekly_naive_absolute_error_gwh": 6.602487999999994
    },
    {
      "absolute_error_gwh": 148.82547629359829,
      "absolute_percentage_error": 8.554880162869077,
      "actual_gwh": 1739.655886,
      "actual_published_at": "2026-07-18T13:20:01+00:00",
      "actual_vintage": "D+1",
      "error_gwh": -148.82547629359829,
      "horizon": 3,
      "interval_hit": true,
      "interval_width_gwh": 1445.0411706466707,
      "issued_at": "2026-07-14T18:55:59.270189+00:00",
      "model_name": "sarima",
      "model_version": "2a81994329a9985e0b9b8b1aa08cae27118e5ebf",
      "persistence_absolute_error_gwh": 126.80986600000006,
      "prediction_gwh": 1590.8304097064017,
      "run_id": "20260714T185559Z_sarima_2a819943",
      "squared_error_gwh": 22149.022394016385,
      "target_date": "2026-07-17",
      "weekly_naive_absolute_error_gwh": 44.068284000000176
    },
    {
      "absolute_error_gwh": 234.2639465057241,
      "absolute_percentage_error": 13.46610834883952,
      "actual_gwh": 1739.655886,
      "actual_published_at": "2026-07-18T13:20:01+00:00",
      "actual_vintage": "D+1",
      "error_gwh": -234.2639465057241,
      "horizon": 2,
      "interval_hit": true,
      "interval_width_gwh": 1244.7943498689947,
      "issued_at": "2026-07-15T16:02:56.743442+00:00",
      "model_name": "sarima",
      "model_version": "4ec29c3e12d9fcf3b34217798c565b0fed75d0fc",
      "persistence_absolute_error_gwh": 191.53862000000004,
      "prediction_gwh": 1505.391939494276,
      "run_id": "20260715T160256Z_sarima_4ec29c3e",
      "squared_error_gwh": 54879.59663243677,
      "target_date": "2026-07-17",
      "weekly_naive_absolute_error_gwh": 34.59659400000032
    },
    {
      "absolute_error_gwh": 41.52322630737717,
      "absolute_percentage_error": 2.38686435872394,
      "actual_gwh": 1739.655886,
      "actual_published_at": "2026-07-18T13:20:01+00:00",
      "actual_vintage": "D+1",
      "error_gwh": -41.52322630737717,
      "horizon": 1,
      "interval_hit": true,
      "interval_width_gwh": 1109.1904060168054,
      "issued_at": "2026-07-16T15:56:43.661936+00:00",
      "model_name": "sarima",
      "model_version": "6b280b2e97ae3e77f4f7107de7159505e2b3a955",
      "persistence_absolute_error_gwh": 10.911830000000236,
      "prediction_gwh": 1698.1326596926228,
      "run_id": "20260716T155643Z_sarima_6b280b2e",
      "squared_error_gwh": 1724.1783229736595,
      "target_date": "2026-07-17",
      "weekly_naive_absolute_error_gwh": 34.59659400000032
    },
    {
      "absolute_error_gwh": 154.03111738515076,
      "absolute_percentage_error": 9.444272119706303,
      "actual_gwh": 1630.9474719999998,
      "actual_published_at": "2026-07-19T11:20:00+00:00",
      "actual_vintage": "D+1",
      "error_gwh": -154.03111738515076,
      "horizon": 4,
      "interval_hit": true,
      "interval_width_gwh": 1615.9903059085805,
      "issued_at": "2026-07-14T18:55:59.270189+00:00",
      "model_name": "sarima",