{
  "n_folds": 5,
  "n_samples": 358,
  "models": {
    "linear_regression": {
      "rmse": [
        5.850516299635574e-14,
        3.411407910318336e-14,
        4.235062628756038e-14,
        2.5095919068453106e-14,
        4.8948931224911406e-14
      ],
      "mae": [
        5.491652330620435e-14,
        2.7458261653102176e-14,
        3.998308275802598e-14,
        1.445171665952746e-14,
        4.190997831262964e-14
      ]
    },
    "random_forest": {
      "rmse": [
        1.6488464496145188,
        1.6130134079533052,
        1.8753977587635382,
        2.929619334384316,
        3.214698197133052
      ],
      "mae": [
        0.9466355932202747,
        0.9261525423728731,
        0.9625456920904443,
        1.448168543179889,
        1.7934094464622
      ]
    }
  }
}